Mon, 11 Jun 2018 14:15:11 GMT,405
Mon, 11 Jun 2018 14:00:10 GMT,405
Mon, 11 Jun 2018 13:45:10 GMT,405
Mon, 11 Jun 2018 13:30:10 GMT,405
Mon, 11 Jun 2018 13:15:11 GMT,405
Mon, 11 Jun 2018 13:00:11 GMT,405
Mon, 11 Jun 2018 12:45:11 GMT,405
Mon, 11 Jun 2018 12:30:10 GMT,405
Mon, 11 Jun 2018 12:15:11 GMT,405
Mon, 11 Jun 2018 12:00:11 GMT,405
Mon, 11 Jun 2018 11:45:11 GMT,405
Mon, 11 Jun 2018 11:30:12 GMT,405
Mon, 11 Jun 2018 11:15:11 GMT,405
Mon, 11 Jun 2018 11:00:11 GMT,405
Mon, 11 Jun 2018 10:45:11 GMT,405
Mon, 11 Jun 2018 10:30:11 GMT,405
Mon, 11 Jun 2018 10:15:10 GMT,405
Mon, 11 Jun 2018 10:00:11 GMT,405
Mon, 11 Jun 2018 09:45:13 GMT,405
Mon, 11 Jun 2018 09:30:10 GMT,405
Mon, 11 Jun 2018 09:15:11 GMT,405
Mon, 11 Jun 2018 09:00:11 GMT,405
Mon, 11 Jun 2018 08:45:11 GMT,405
Mon, 11 Jun 2018 08:30:10 GMT,405
Mon, 11 Jun 2018 08:15:12 GMT,405
Mon, 11 Jun 2018 08:00:10 GMT,405
Mon, 11 Jun 2018 07:45:11 GMT,405
Mon, 11 Jun 2018 07:30:10 GMT,405
Mon, 11 Jun 2018 07:15:11 GMT,405
Mon, 11 Jun 2018 07:00:11 GMT,405
Mon, 11 Jun 2018 06:45:11 GMT,405
Mon, 11 Jun 2018 06:30:10 GMT,405
Mon, 11 Jun 2018 06:15:11 GMT,405
Mon, 11 Jun 2018 06:00:11 GMT,405
Mon, 11 Jun 2018 05:45:11 GMT,405
Mon, 11 Jun 2018 05:30:11 GMT,405
Mon, 11 Jun 2018 05:15:11 GMT,405
Mon, 11 Jun 2018 05:00:11 GMT,405
Mon, 11 Jun 2018 04:45:10 GMT,405
Mon, 11 Jun 2018 04:30:11 GMT,405
Mon, 11 Jun 2018 04:15:10 GMT,405
Mon, 11 Jun 2018 04:00:10 GMT,405
Mon, 11 Jun 2018 03:45:10 GMT,405
Mon, 11 Jun 2018 03:30:10 GMT,405
Mon, 11 Jun 2018 03:15:10 GMT,405
Mon, 11 Jun 2018 03:00:10 GMT,405
Mon, 11 Jun 2018 02:45:11 GMT,405
Mon, 11 Jun 2018 02:30:10 GMT,405
Mon, 11 Jun 2018 02:15:11 GMT,405
Mon, 11 Jun 2018 02:00:09 GMT,405
