Fri, 06 Jul 2018 13:04:10 GMT,22
Fri, 06 Jul 2018 12:59:10 GMT,17
Fri, 06 Jul 2018 12:54:10 GMT,27
Fri, 06 Jul 2018 12:49:15 GMT,25
Fri, 06 Jul 2018 12:44:10 GMT,19
Fri, 06 Jul 2018 12:39:09 GMT,22
Fri, 06 Jul 2018 12:34:12 GMT,10
Fri, 06 Jul 2018 12:29:16 GMT,25
Fri, 06 Jul 2018 12:24:10 GMT,7
Fri, 06 Jul 2018 12:19:10 GMT,28
Fri, 06 Jul 2018 12:14:10 GMT,36
Fri, 06 Jul 2018 12:09:10 GMT,31
Fri, 06 Jul 2018 12:04:11 GMT,14
Fri, 06 Jul 2018 11:59:10 GMT,13
Fri, 06 Jul 2018 11:54:10 GMT,19
Fri, 06 Jul 2018 11:49:10 GMT,18
Fri, 06 Jul 2018 11:44:10 GMT,21
Fri, 06 Jul 2018 11:39:11 GMT,22
Fri, 06 Jul 2018 11:34:15 GMT,33
Fri, 06 Jul 2018 11:29:10 GMT,21
Fri, 06 Jul 2018 11:24:10 GMT,19
Fri, 06 Jul 2018 11:19:10 GMT,17
Fri, 06 Jul 2018 11:14:10 GMT,20
Fri, 06 Jul 2018 11:09:10 GMT,20
Fri, 06 Jul 2018 11:04:10 GMT,12
Fri, 06 Jul 2018 10:59:10 GMT,11
Fri, 06 Jul 2018 10:54:10 GMT,15
Fri, 06 Jul 2018 10:49:10 GMT,17
Fri, 06 Jul 2018 10:44:11 GMT,17
Fri, 06 Jul 2018 10:39:10 GMT,25
Fri, 06 Jul 2018 10:34:15 GMT,16
Fri, 06 Jul 2018 10:29:10 GMT,4
Fri, 06 Jul 2018 10:24:10 GMT,9
Fri, 06 Jul 2018 10:19:11 GMT,9
Fri, 06 Jul 2018 10:14:10 GMT,13
Fri, 06 Jul 2018 10:09:10 GMT,6
Fri, 06 Jul 2018 10:04:10 GMT,16
Fri, 06 Jul 2018 09:59:10 GMT,9
Fri, 06 Jul 2018 09:54:11 GMT,24
Fri, 06 Jul 2018 09:49:10 GMT,6
Fri, 06 Jul 2018 09:44:10 GMT,11
Fri, 06 Jul 2018 09:39:10 GMT,8
Fri, 06 Jul 2018 09:34:10 GMT,5
Fri, 06 Jul 2018 09:29:10 GMT,13
Fri, 06 Jul 2018 09:24:10 GMT,14
Fri, 06 Jul 2018 09:19:12 GMT,14
Fri, 06 Jul 2018 09:14:10 GMT,5
Fri, 06 Jul 2018 09:09:10 GMT,28
Fri, 06 Jul 2018 09:04:10 GMT,38
Fri, 06 Jul 2018 08:59:10 GMT,16
